size,full,ants
2,0.000128,0.018732
3,0.000138,0.029615
4,0.000244,0.040381
5,0.000478,0.079291
6,0.02509,0.122331
7,0.019703,0.254059
8,0.16285,0.398472
9,1.777611,0.494024
10,9.227853,0.957666