len,standart,vinograd,opt_vinograd
11,0.06012,0.07014,0.11022
21,0.18938,0.19238,0.22044
31,0.39379,0.43788,0.36072
41,0.73146,0.7515,0.61122
51,1.24048,1.31463,1.0421
61,2.80762,2.62425,2.4329
71,3.97094,3.98898,3.4449
81,5.37876,5.2495,4.7435
91,7.30261,7.10321,6.1172
101,9.58918,9.4499,8.1513
