Size,Shell,Heap,Bead
50,0.01,0.01002,3.7405
100,0.01002,0.01002,7.4709
200,0.01002,0.02004,15.511
300,0.02004,0.03006,23.198
400,0.0501,0.04008,31.042
500,0.06012,0.0501,38.507
600,0.07014,0.06012,46.405
700,0.08016,0.07014,54.343
800,0.1012,0.08016,64.995
900,0.1206,0.1012,70.902
1000,0.13026,0.11122,80.218