Size,Shell,Heap,Bead
50,0,0,0.04008
100,0,0,0.08016
200,0,0.01002,0.3006
300,0,0.01102,0.60521
400,0,0.03006,0.95691
500,0.01002,0.04008,1.4579
600,0.02004,0.06012,2.0631
700,0.03006,0.07014,2.8858
800,0.04008,0.08016,3.5661
900,0.051,0.1012,4.5541
1000,0.051,0.16132,5.7545